,positive,total,percent
clinton1,50,83,0.602409638554
clinton2,29,54,0.537037037037
clinton3,44,80,0.55
trump1,61,114,0.535087719298
trump2,42,87,0.48275862069
trump3,58,121,0.479338842975
